index,Scores
0,0.6322378516197205
1,0.8571135401725769
2,0.0
3,0.8777740001678467
4,-0.9865787625312805
5,-0.9985199570655823
6,-0.9990932941436768
7,0.0
8,-0.9991607666015625
9,0.990749180316925
10,-0.794828474521637
11,-0.9989534616470337
12,-0.9956556558609009
13,0.9889680743217468
14,0.0
15,-0.7570735812187195
16,0.6641243696212769
17,-0.9979096055030823
18,-0.9979096055030823
19,-0.9985135197639465
20,-0.9930797219276428
21,-0.9935331344604492
22,0.9766993522644043
23,-0.994377076625824
24,-0.9879342317581177
25,0.9739474058151245
26,-0.9277060031890869
27,-0.5130773782730103
28,-0.9455826878547668
29,-0.9996227025985718
30,-0.9706965088844299
31,-0.9982383251190186
32,0.9745047688484192
33,-0.9992755055427551
34,-0.9973656535148621
35,-0.9819895029067993
36,-0.9985753297805786
37,-0.9992139339447021
38,-0.9831271171569824
39,-0.9860806465148926
40,-0.9373127818107605
41,-0.5432416200637817
42,-0.9773923754692078
43,0.0
44,-0.5332551002502441
45,-0.9967275857925415
46,-0.9990779161453247
47,-0.9938496947288513
48,0.0
49,-0.9315584897994995
50,-0.9978692531585693
51,-0.9620354771614075
52,0.7543429732322693
53,-0.9585119485855103
54,-0.9585119485855103
55,0.9876585602760315
56,0.9955403208732605
57,-0.9963648915290833
58,0.0
59,-0.9993351101875305
60,-0.9985153079032898
61,-0.8141660690307617
62,0.9995586276054382
63,0.0
64,0.8077619671821594
65,-0.9985612034797668
66,-0.998141884803772
67,-0.984859049320221
68,-0.9862802028656006
69,-0.9904839992523193
70,-0.9882658123970032
71,-0.9906997084617615
72,0.9914982914924622
73,0.9208670258522034
74,-0.9325281977653503
75,-0.9715776443481445
76,-0.9931814074516296
77,0.541294276714325
78,0.0
79,-0.997126042842865
80,0.9896204471588135
81,-0.9161264300346375
82,0.0
83,0.994519054889679
84,0.0
85,0.9715744853019714
86,0.9607018232345581
87,0.9716927409172058
88,-0.9970080256462097
89,-0.9996594190597534
90,-0.9615879654884338
91,-0.999214768409729
92,-0.998932421207428
93,-0.9976832866668701
94,0.9985608458518982
95,-0.997984766960144
96,-0.9964202642440796
97,-0.9913085699081421
98,0.892713189125061
99,-0.9887034296989441
100,0.9984312653541565
101,-0.9801888465881348
102,-0.9866774082183838
103,0.7775153517723083
104,0.986998975276947
105,-0.9989718198776245
106,-0.998870313167572
107,-0.9922531247138977
108,0.7445486187934875
109,0.998854398727417
110,-0.8910614252090454
111,0.9967970252037048
112,-0.9726651906967163
113,-0.9838093519210815
114,-0.9867777824401855
115,-0.8563416600227356
116,-0.9772416353225708
117,-0.9972323775291443
118,-0.9940014481544495
119,-0.991569995880127
120,-0.9733306169509888
121,-0.9857973456382751
122,0.9281186461448669
123,0.0
124,-0.9870310425758362
125,-0.9486991167068481
126,0.9970999956130981
127,-0.9985546469688416
128,-0.9985546469688416
129,0.0
130,-0.7222440242767334
131,-0.9874129295349121
132,0.9987687468528748
133,0.9994958639144897
134,0.9195301532745361
135,-0.9798988103866577
136,0.0
137,-0.7367252707481384
138,-0.8367452025413513
139,0.9964273571968079
140,0.9817224144935608
141,0.9969135522842407
142,0.0
143,-0.993032693862915
144,-0.9971787929534912
145,0.9778069853782654
146,-0.999213695526123
147,-0.9992339611053467
148,-0.9953893423080444
149,-0.6929479241371155
150,-0.9991030693054199
151,0.9938510656356812
152,-0.976260244846344
153,-0.9869568347930908
154,0.9236642718315125
155,-0.9996100068092346
156,-0.9941704869270325
157,-0.9991114735603333
158,-0.9987101554870605
159,-0.9771825671195984
160,0.0
161,-0.9783045053482056
162,0.9896348118782043
163,-0.9993189573287964
164,0.9958903193473816
165,-0.9735206961631775
166,-0.998090922832489
167,-0.9992467164993286
168,-0.9954741597175598
169,0.0
170,-0.9954524636268616
171,0.5554288625717163
172,0.9608737826347351
173,-0.990607738494873
174,-0.994882345199585
175,-0.9956802129745483
176,-0.997190535068512
177,0.9967654943466187
178,0.7046568393707275
179,-0.9986911416053772
180,-0.9994254112243652
181,-0.996161937713623
182,-0.9599902629852295
183,-0.9964871406555176
184,-0.9955019354820251
185,0.0
186,0.8894091248512268
187,-0.9995267391204834
188,-0.9981257319450378
189,-0.9118980169296265
190,-0.9989433884620667
191,-0.9968101382255554
192,-0.9967846870422363
193,-0.5555996298789978
194,-0.808377742767334
195,0.9834558367729187
196,-0.9983598589897156
197,-0.9860368371009827
198,-0.9967859983444214
199,0.7949274778366089
200,0.9991787075996399
201,-0.996708869934082
202,-0.99672532081604
203,-0.9993159770965576
204,-0.9988932013511658
205,-0.9994600415229797
206,0.9974746108055115
207,-0.8851833939552307
208,0.9955286383628845
209,0.9941657781600952
210,-0.6331607103347778
211,-0.6825375556945801
212,-0.947355329990387
213,0.9472410678863525
214,0.0
215,-0.9929350018501282
216,-0.9987887740135193
217,0.9471114873886108
218,-0.9874460697174072
219,-0.5631675124168396
220,0.8785988688468933
221,-0.9882370829582214
222,0.0
223,0.9990465044975281
224,0.997624933719635
225,0.9959335923194885
226,-0.9540071487426758
227,-0.9845702052116394
228,0.9983975291252136
229,0.8734691143035889
230,0.9773241877555847
231,-0.9995952248573303
232,0.9965023994445801
233,0.9921414852142334
234,-0.9910496473312378
235,-0.9975584745407104
236,-0.9949912428855896
237,-0.7951006293296814
238,-0.7183423042297363
239,-0.9791504144668579
240,0.990458607673645
241,0.9055889248847961
242,-0.9973676800727844
243,-0.9983580708503723
244,0.9009481072425842
245,-0.9988203644752502
246,-0.9739892482757568
247,0.9960522055625916
248,0.9979586601257324
249,0.9058487415313721
250,0.9991434812545776
251,-0.9842283725738525
252,-0.9960023760795593
253,0.9451107978820801
254,0.8310864567756653
255,0.0
256,-0.9986439347267151
257,-0.9930302500724792
258,-0.9985244870185852
259,0.0
260,-0.7303488254547119
261,-0.9774558544158936
262,-0.9980918765068054
263,0.8407220840454102
264,-0.9996716976165771
265,-0.9994656443595886
266,0.0
267,0.9985582232475281
268,0.9994156360626221
269,-0.8526477813720703
270,-0.9992071986198425
271,0.0
272,-0.9890994429588318
273,-0.9975572824478149
274,-0.6287302374839783
275,0.8981462717056274
276,-0.9814257621765137
277,-0.9984464049339294
278,-0.9858161211013794
279,0.0
280,-0.9967454671859741
281,0.9979290962219238
282,-0.9989405274391174
283,-0.9986250400543213
284,0.8652669191360474
285,-0.990497350692749
286,-0.9973238706588745
287,0.9982807636260986
288,-0.9911598563194275
289,0.9981890320777893
290,0.5921914577484131
291,0.0
292,0.9468586444854736
293,-0.9963380098342896
294,-0.9949288368225098
295,-0.8819298148155212
296,-0.9703803062438965
297,-0.9990035891532898
298,0.0
299,0.9903162121772766
300,-0.9885636568069458
301,0.9216112494468689
302,-0.9726539254188538
303,0.85939621925354
304,-0.9871366024017334
305,-0.9976215958595276
306,-0.9944745898246765
307,-0.9964787364006042
308,0.9992683529853821
309,0.9466909766197205
310,-0.9737869501113892
311,0.9778640866279602
312,-0.9533098340034485
313,0.9445987343788147
314,-0.9855782389640808
315,0.9753095507621765
316,-0.9907159805297852
317,0.0
318,0.9882247447967529
319,0.9960488677024841
320,-0.990879237651825
321,0.0
322,-0.9936810731887817
323,0.9826080203056335
324,0.999681830406189
325,-0.9989262223243713
326,-0.9992668032646179
327,0.722112774848938
328,-0.9944801330566406
329,0.0
330,-0.9987345337867737
331,0.9993289709091187
332,-0.5832077860832214
333,0.9743423461914062
334,0.9588363766670227
335,-0.9917939305305481
336,0.9984838366508484
337,-0.9877938628196716
338,0.7853056192398071
339,0.9826242327690125
340,0.9093848466873169
341,-0.9990020394325256
342,-0.9974562525749207
343,0.9733457565307617
344,-0.9497779607772827
345,-0.9960620999336243
346,-0.9406988620758057
347,0.9976735711097717
348,0.9960456490516663
349,0.9935364127159119
350,-0.754700779914856
351,-0.9646580815315247
352,0.0
353,-0.9930747747421265
354,-0.9993813037872314
355,-0.987946093082428
356,0.8603035807609558
357,-0.9675521850585938
358,-0.9956450462341309
359,-0.9980711340904236
360,-0.9952566027641296
361,-0.9845454692840576
362,-0.996204674243927
363,-0.8631550073623657
364,-0.9918954968452454
365,0.994922935962677
366,0.524341881275177
367,-0.7914592623710632
368,0.0
369,0.6138592958450317
370,0.9853004813194275
371,-0.9911342263221741
372,0.8713029623031616
373,0.0
374,-0.88938969373703
375,-0.9984063506126404
376,-0.7806747555732727
377,0.9960972666740417
378,0.9471768140792847
379,0.6148577928543091
380,0.0
381,-0.942333459854126
382,-0.9970067143440247
383,-0.9962798953056335
384,0.9882463812828064
385,-0.9994280934333801
386,-0.9863054752349854
387,-0.9947139620780945
388,-0.995301365852356
389,0.9972198009490967
390,0.6354618668556213
391,-0.9975536465644836
392,-0.9994058609008789
393,0.8752607107162476
394,0.0
395,-0.9964015483856201
396,-0.5598324537277222
397,-0.9907322525978088
398,-0.9950670003890991
399,0.9978036284446716
400,0.0
401,0.9611936211585999
402,0.9517755508422852
403,-0.9923710823059082
404,0.9889802932739258
405,0.9386196136474609
406,-0.9995579123497009
407,-0.8708284497261047
408,0.9953368306159973
409,-0.9655678272247314
410,-0.9901397824287415
411,-0.9875519275665283
412,-0.9996731281280518
413,0.9976392984390259
414,-0.9966105818748474
415,-0.9922727346420288
416,0.8822538256645203
417,-0.9917932152748108
418,0.0
419,-0.9603263139724731
420,-0.9907373785972595
421,-0.9870692491531372
422,-0.9938212037086487
423,-0.9851020574569702
424,-0.9981576800346375
425,-0.9799048900604248
426,0.0
427,-0.9892626404762268
428,-0.9887012243270874
429,-0.9972432851791382
430,-0.9940112233161926
431,-0.9959853291511536
432,-0.9817723035812378
433,-0.9994262456893921
434,-0.9978969097137451
435,0.0
436,-0.9989526271820068
437,-0.9976571798324585
438,-0.9988309741020203
439,0.9974478483200073
440,-0.9388171434402466
441,-0.9979050159454346
442,-0.9960139989852905
443,-0.9973269701004028
444,-0.975209653377533
445,-0.9742329120635986
446,0.9769211411476135
447,-0.6385335326194763
448,-0.9990536570549011
449,-0.9989482760429382
450,-0.9121202826499939
451,0.9529510736465454
452,0.9491026997566223
453,-0.955450713634491
454,0.0
455,0.9139199256896973
456,-0.9944580793380737
457,-0.9915715456008911
458,-0.9133641123771667
459,0.9807714819908142
460,-0.9987847208976746
461,0.8998187780380249
462,-0.9530012607574463
463,-0.9993378520011902
464,0.0
465,-0.995933473110199
466,-0.9948439598083496
467,0.9869263172149658
468,0.0
469,-0.9952173233032227
470,-0.9854034781455994
471,0.5945895910263062
472,-0.989626407623291
473,0.0
474,0.5512987375259399
475,-0.904230535030365
476,-0.984477162361145
477,-0.9995599389076233
478,-0.8388148546218872
479,0.9741703271865845
480,0.0
481,0.9969724416732788
482,0.8791658878326416
483,0.0
484,0.9972096085548401
485,0.9950207471847534
486,-0.9809585213661194
487,-0.9997324347496033
488,-0.9995490908622742
489,-0.9919664859771729
490,-0.9888201355934143
491,0.9278951287269592
492,0.587729275226593
493,0.9959482550621033
494,0.9464485049247742
495,0.9818245768547058
496,-0.8738573789596558
497,0.9980089068412781
498,0.8067790865898132
499,-0.9976796507835388
500,0.5166738629341125
501,0.9790107011795044
502,-0.9968019723892212
503,0.6801928877830505
504,0.0
505,-0.9970153570175171
506,0.9486964344978333
507,-0.9988742470741272
508,0.9744665026664734
509,0.9812988638877869
510,0.9991006851196289
511,0.9979448914527893
512,0.0
513,0.9839260578155518
514,-0.8189918398857117
515,-0.9886349439620972
516,-0.999182403087616
517,-0.9529078602790833
518,-0.7187055349349976
519,-0.8284759521484375
520,0.0
521,-0.9981846213340759
522,0.0
523,-0.9918791651725769
524,0.989227294921875
525,0.9983583092689514
526,0.0
527,-0.9813007116317749
528,0.8272829055786133
529,0.9968308806419373
530,-0.9908908009529114
531,-0.9899724721908569
532,0.0
533,-0.9603545665740967
534,-0.9853852391242981
535,-0.9204078316688538
536,0.6857496500015259
537,0.9643517136573792
538,-0.9993674159049988
539,-0.9988338351249695
540,-0.9995198249816895
541,0.99903404712677
542,-0.9862250089645386
543,0.9952390193939209
544,-0.8214415311813354
545,-0.9917234778404236
546,0.9917373061180115
547,0.5346435308456421
548,-0.9860862493515015
549,0.9771710634231567
550,0.8604332208633423
551,-0.9199351668357849
552,0.949655294418335
553,-0.9903580546379089
554,-0.9974510073661804
555,-0.9969775676727295
556,-0.9984965324401855
557,0.99849534034729
558,-0.9964357614517212
559,0.9965117573738098
560,0.9981313347816467
561,0.9924389123916626
562,-0.9271271228790283
563,0.949765145778656
564,0.726155698299408
565,-0.9875583648681641
566,-0.998112678527832
567,-0.9532576203346252
568,-0.9992276430130005
569,0.9895881414413452
570,-0.9976638555526733
571,-0.9916650652885437
572,0.9986950755119324
573,0.0
574,-0.9192956686019897
575,-0.9749990105628967
576,-0.9898785352706909
577,-0.823430061340332
578,-0.9969381093978882
579,0.9689763188362122
580,-0.9970541000366211
581,-0.9988617897033691
582,-0.8133651614189148
583,-0.8428356051445007
584,0.9886115193367004
585,0.0
586,0.6124697327613831
587,0.9520213007926941
588,0.9878616333007812
589,-0.8663698434829712
590,-0.99765944480896
591,-0.995172917842865
592,0.9975710511207581
593,0.9946295022964478
594,-0.9881529211997986
595,-0.9942797422409058
596,-0.8475827574729919
597,0.9813829064369202
598,0.7048956155776978
599,0.9939139485359192
600,0.997428834438324
601,-0.9996659755706787
602,0.9931279420852661
603,0.9974426031112671
604,0.997478187084198
605,-0.9990864992141724
606,-0.6178598403930664
607,-0.9937793612480164
608,-0.9975341558456421
609,-0.9984045624732971
610,-0.9301204085350037
611,-0.950569748878479
612,0.6418730616569519
613,0.0
614,-0.9986116886138916
615,-0.7588039636611938
616,-0.8949535489082336
617,-0.9965915679931641
618,-0.9880494475364685
619,0.0
620,0.9954621195793152
621,0.9922784566879272
622,-0.9948166012763977
623,-0.9962284564971924
624,-0.7584065794944763
625,0.9960383176803589
626,0.0
627,-0.5709334015846252
628,-0.8123349547386169
629,0.7371330261230469
630,0.9803281426429749
631,-0.9689675569534302
632,0.8933711647987366
633,-0.9949020147323608
634,0.0
635,-0.9939427971839905
636,-0.9945171475410461
637,-0.9640792608261108
638,-0.9842771291732788
639,0.9898712038993835
640,0.9954120516777039
641,-0.9987242817878723
642,-0.9639986157417297
643,-0.9975435137748718
644,-0.9990381002426147
645,0.9955441355705261
646,0.9984667301177979
647,-0.9947320222854614
648,0.0
649,-0.9965505599975586
650,-0.9862437844276428
651,-0.9992708563804626
652,-0.9993308782577515
653,0.0
654,-0.9954146146774292
655,0.9885828495025635
656,0.9523520469665527
657,0.9881801605224609
658,-0.990538477897644
659,-0.9069406390190125
660,-0.9787312746047974
661,-0.75369793176651
662,-0.9868472218513489
663,-0.974200963973999
664,-0.9692915678024292
665,-0.9994142055511475
666,-0.9968711733818054
667,-0.9849921464920044
668,-0.9965000152587891
669,-0.9996086955070496
670,-0.9992266893386841
671,0.0
672,0.9992130994796753
673,-0.9993540644645691
674,-0.9950937032699585
675,-0.9994671940803528
676,0.614573061466217
677,-0.989591658115387
678,-0.9980700612068176
679,-0.9874697923660278
680,-0.7444155812263489
681,-0.9523800015449524
682,-0.9915728569030762
683,0.0
684,-0.9914672374725342
685,-0.9902268648147583
686,-0.9987381100654602
687,0.9752986431121826
688,0.9982159733772278
689,0.9991183876991272
690,0.0
691,-0.9933159947395325
692,-0.9984697699546814
693,0.640430748462677
694,-0.9864650964736938
695,-0.9729889631271362
696,-0.973719596862793
697,0.0
698,0.9402332901954651
699,-0.7957051992416382
700,0.0
701,-0.9976958632469177
702,-0.9867537617683411
703,-0.9727489948272705
704,0.0
705,0.9940305352210999
706,0.9568362236022949
707,-0.7612439393997192
708,-0.9967202544212341
709,-0.9962223768234253
710,-0.8763567805290222
711,0.9997910857200623
712,0.0
713,0.9742876887321472
714,-0.9859139919281006
715,0.9976048469543457
716,0.9982590079307556
717,0.9454670548439026
718,0.9262275695800781
719,-0.9991406202316284
720,-0.9992538094520569
721,-0.9956360459327698
722,-0.9967286586761475
723,-0.9971737861633301
724,-0.6824497580528259
725,0.9980237483978271
726,-0.7157910466194153
727,-0.9938561320304871
728,0.8602094054222107
729,-0.9988393187522888
730,-0.9941245913505554
731,0.9906008243560791
732,0.0
733,-0.9705288410186768
734,-0.9930036664009094
735,-0.9871863126754761
736,-0.9913478493690491
737,0.0
738,-0.9996823072433472
739,0.8041591048240662
740,0.9902473092079163
741,-0.9969016313552856
742,0.9944596290588379
743,-0.9967712759971619
744,-0.9523908495903015
745,-0.9404909014701843
746,0.9990561604499817
747,0.9986024498939514
748,-0.9894915819168091
749,0.9988958835601807
750,0.0
751,0.9992671608924866
752,-0.9980611205101013
753,-0.9827393293380737
754,-0.9943585991859436
755,0.7239958047866821
756,-0.9973657727241516
757,-0.9826985001564026
758,-0.9732919931411743
759,0.9955421090126038
760,0.9819144606590271
761,-0.9967780709266663
762,-0.9967663288116455
763,-0.8538922071456909
764,-0.9963856935501099
765,0.968025267124176
766,-0.9692923426628113
767,0.956046998500824
768,-0.9388005137443542
769,0.9167038798332214
770,-0.9986780285835266
771,-0.9876672029495239
772,0.9801552891731262
773,0.0
774,0.9945576190948486
775,-0.9934658408164978
776,0.0
777,-0.8842971324920654
778,-0.988497793674469
779,-0.9955055713653564
780,-0.6973575353622437
781,0.9938072562217712
782,0.9881437420845032
783,-0.9951417446136475
784,-0.9972225427627563
785,-0.9866988658905029
786,-0.9853746891021729
787,-0.836551308631897
788,0.9861288070678711
789,-0.9851598739624023
790,0.9992722868919373
791,0.9871416091918945
792,-0.9549401998519897
793,-0.5073944330215454
794,-0.9935758709907532
795,0.0
796,0.9971837401390076
797,-0.9784343838691711
798,-0.9604304432868958
799,-0.9989286065101624
800,-0.9914311766624451
801,-0.9984814524650574
802,-0.9692751169204712
803,-0.5942036509513855
804,0.9936161041259766
805,0.9847224354743958
806,-0.9989896416664124
807,-0.9987151622772217
808,-0.9955751895904541
809,-0.9720778465270996
810,-0.9673104286193848
811,-0.8288066387176514
812,-0.9979093670845032
813,-0.9947419166564941
814,-0.9860304594039917
815,-0.9984109401702881
816,-0.9945963025093079
817,-0.9981814622879028
818,-0.9803065061569214
819,0.9888829588890076
820,0.9977757334709167
821,0.9766796827316284
822,0.9979815483093262
823,0.9381723403930664
824,-0.9969412684440613
825,-0.9987637996673584
826,-0.9985756874084473
827,0.8818234205245972
828,-0.9952952265739441
829,0.9963629841804504
830,0.5212838053703308
831,-0.8510376214981079
832,-0.9975438714027405
833,-0.9862844944000244
834,0.9873588681221008
835,0.0
836,0.0
837,0.9714127779006958
838,-0.9961931705474854
839,-0.9647142291069031
840,-0.9973044395446777
841,-0.9989843964576721
842,-0.9914916157722473
843,-0.9806607961654663
844,-0.9932916164398193
845,-0.6443517804145813
846,0.7325093746185303
847,-0.9969120025634766
848,-0.9984879493713379
849,-0.9969358444213867
850,0.989891529083252
851,0.796944260597229
852,-0.9989582300186157
853,-0.9851385951042175
854,-0.9815537929534912
855,0.6313560605049133
856,-0.9910570383071899
857,0.9877485632896423
858,0.0
859,-0.988454282283783
860,-0.9990584254264832
861,0.8513598442077637
862,-0.996638298034668
863,0.7888331413269043
864,-0.9994574189186096
865,-0.9894383549690247
866,-0.982776403427124
867,-0.9965292811393738
868,-0.9752869606018066
869,-0.9825388193130493
870,-0.9946622252464294
871,-0.7945190072059631
872,0.0
873,-0.9804568886756897
874,0.8716652989387512
875,0.9572253227233887
876,-0.9340588450431824
877,0.9656098484992981
878,-0.8960990309715271
879,-0.9758938550949097
880,0.9899924397468567
881,0.9777162671089172
882,-0.9931407570838928
883,-0.99482661485672
884,-0.9996261596679688
885,-0.9991625547409058
886,-0.988292396068573
887,-0.9992771744728088
888,-0.9983574748039246
889,-0.9994912147521973
890,0.996537446975708
891,-0.996716320514679
892,-0.9973600506782532
893,-0.9984757304191589
894,-0.9989699125289917
895,-0.9995403289794922
896,-0.9986544847488403
897,-0.9958009123802185
898,-0.99842369556427
899,-0.9791539907455444
900,0.0
901,-0.9974020719528198
902,-0.9938589930534363
903,-0.9997619986534119
904,-0.9667656421661377
905,-0.9745298624038696
906,-0.9991620779037476
907,-0.9987762570381165
908,-0.9906405210494995
909,-0.999642014503479
910,-0.9983501434326172
911,-0.9982568621635437
912,-0.9448660612106323
913,-0.9824876189231873
914,-0.7730987071990967
915,-0.9990460276603699
916,-0.9971253275871277
917,0.6227391362190247
918,-0.9919388890266418
919,-0.9950333833694458
920,0.0
921,-0.9993656277656555
922,0.9604393839836121
923,-0.9930382370948792
924,-0.9980326294898987
925,0.9758578538894653
926,-0.9968516230583191
927,-0.9767867922782898
928,-0.9954476952552795
929,-0.9889577627182007
930,-0.9845607280731201
931,-0.950650691986084
932,-0.9900387525558472
933,-0.993513286113739
934,-0.9874430298805237
935,0.9906700849533081
936,-0.9988510608673096
937,-0.9934896230697632
938,-0.9988166093826294
939,-0.9994989633560181
940,-0.9996514320373535
941,-0.8896435499191284
942,0.8876403570175171
943,0.0
944,-0.9909989833831787
945,0.9843946099281311
946,-0.9986572265625
947,0.7824455499649048
948,-0.9941877126693726
949,-0.9944071769714355
950,0.9968709349632263
951,-0.7343659996986389
952,-0.984126091003418
953,-0.9170407056808472
954,-0.8603795170783997
955,0.9988576173782349
956,-0.9962220191955566
957,-0.9428813457489014
958,-0.9968100190162659
959,-0.9796695709228516
960,0.0
961,0.8202309608459473
962,0.7821497321128845
963,0.8881821632385254
964,-0.9849596619606018
965,0.5786285996437073
966,0.996709942817688
967,0.9904688000679016
968,-0.9970603585243225
969,-0.9965696334838867
970,-0.9996826648712158
971,0.9936562180519104
972,0.9864996671676636
973,0.0
974,0.7767215371131897
975,-0.9996676445007324
976,-0.9995094537734985
977,-0.7267116904258728
978,-0.9873587489128113
979,0.0
980,0.8837031722068787
981,-0.9966643452644348
982,0.990406334400177
983,0.9980972409248352
984,-0.9461896419525146
985,-0.9993556141853333
986,0.995563268661499
987,0.9989663362503052
988,0.0
989,0.9850753545761108
990,0.9707050919532776
991,0.9966371059417725
992,0.9922687411308289
993,-0.8551529049873352
994,-0.9812661409378052
995,-0.9872903227806091
996,0.9973378777503967
997,0.6094144582748413
998,0.9558833837509155
999,0.8712590932846069
1000,-0.995600700378418
1001,-0.9889172315597534
1002,0.7170105576515198
1003,-0.9701637029647827
1004,-0.9992552399635315
1005,-0.9970189332962036
1006,0.8593320846557617
1007,-0.9466982483863831
1008,0.9792088270187378
1009,0.9790497422218323
1010,-0.6566678881645203
1011,-0.9995009899139404
1012,-0.9995846152305603
1013,0.9900652766227722
1014,0.976913332939148
1015,0.9699370265007019
1016,0.9905015230178833
1017,-0.9825432896614075
1018,-0.9147413372993469
1019,0.5919053554534912
1020,-0.9990573525428772
1021,-0.9935370087623596
1022,0.995258629322052
1023,-0.949965238571167
1024,-0.7168636322021484
1025,0.9996035695075989
1026,0.9995365142822266
1027,0.8835599422454834
1028,0.0
1029,0.8803920745849609
1030,-0.9046874046325684
1031,0.960369884967804
1032,-0.9942453503608704
1033,-0.8448923230171204
1034,0.9545921087265015
1035,-0.9878863096237183
1036,0.0
1037,0.987586259841919
1038,0.9889155626296997
1039,-0.8458434343338013
1040,0.9947093725204468
1041,0.9935232400894165
1042,-0.9886927604675293
1043,0.991499125957489
1044,0.0
1045,-0.9849650859832764
1046,0.7956307530403137
1047,-0.9994101524353027
1048,0.0
1049,-0.8696224689483643
1050,-0.9733394384384155
1051,-0.986166775226593
1052,-0.79378342628479
1053,-0.9992764592170715
1054,0.0
1055,-0.7057461738586426
1056,0.9926586747169495
1057,-0.9915636777877808
1058,-0.9939058423042297
1059,-0.9967316389083862
1060,-0.9969238638877869
1061,-0.9924457669258118
1062,-0.5246836543083191
1063,-0.996288537979126
1064,-0.9927122592926025
1065,-0.9410791397094727
1066,0.0
1067,0.5170434713363647
1068,0.9968940019607544
1069,0.9903529286384583
1070,0.9988837838172913
1071,0.9947205781936646
1072,0.9987932443618774
1073,0.9955540299415588
1074,-0.7283784747123718
1075,0.9958694577217102
1076,-0.8087915182113647
1077,0.8881505131721497
1078,-0.9970250725746155
1079,0.0
1080,-0.9932209253311157
1081,-0.9943848848342896
1082,-0.9992534518241882
1083,-0.9994019269943237
1084,0.9830242395401001
1085,-0.9906472563743591
1086,-0.9976389408111572
1087,-0.9980161190032959
1088,-0.9895113110542297
1089,0.0
1090,-0.9492266178131104
1091,0.9996170997619629
1092,-0.9915163516998291
1093,-0.9974453449249268
1094,-0.997481644153595
1095,0.9869019985198975
1096,0.0
1097,-0.9868344664573669
1098,-0.8553369641304016
1099,0.5829035639762878
1100,-0.8845202922821045
1101,0.9951667785644531
1102,0.9977269768714905
1103,0.9486161470413208
1104,-0.8892490267753601
1105,-0.8298353552818298
1106,-0.9947155117988586
1107,-0.9889842867851257
1108,0.0
1109,-0.9996232986450195
1110,-0.9984673857688904
1111,-0.978356659412384
1112,0.0
1113,0.9886835217475891
1114,0.9985180497169495
1115,-0.9890874624252319
1116,-0.9967203736305237
1117,-0.9989045858383179
1118,-0.9983066320419312
1119,-0.9954839944839478
1120,-0.9896664619445801
1121,-0.9006396532058716
1122,0.0
1123,0.9990341663360596
1124,-0.9816965460777283
1125,0.0
1126,-0.9989587068557739
1127,-0.9994681477546692
1128,-0.9943044781684875
1129,0.9905741810798645
1130,0.8505702614784241
1131,0.0
1132,0.9910851120948792
1133,-0.9919093251228333
1134,-0.5249679684638977
1135,0.8297697305679321
1136,-0.9754586815834045
1137,-0.9979797005653381
1138,-0.90691077709198
1139,0.9679703116416931
1140,-0.9930928945541382
1141,-0.9930928945541382
1142,-0.9945068955421448
1143,-0.9991162419319153
1144,-0.9966620206832886
1145,-0.9374505281448364
1146,0.0
1147,-0.9945735335350037
1148,-0.9976008534431458
1149,0.9494428634643555
1150,-0.9926292896270752
1151,-0.8495615124702454
1152,0.0
1153,-0.9870378971099854
1154,0.9730468988418579
1155,-0.9667059183120728
1156,-0.9747909307479858
1157,-0.995003879070282
1158,0.976459264755249
1159,-0.9793678522109985
1160,-0.9972434043884277
1161,0.9560439586639404
1162,0.0
1163,-0.9766744375228882
1164,0.9597797989845276
1165,0.9559261798858643
1166,-0.9773890972137451
1167,-0.9956743121147156
1168,-0.9913226366043091
1169,0.0
1170,-0.9993417859077454
1171,-0.9992851614952087
1172,-0.9996886253356934
1173,0.0
1174,-0.9985620379447937
1175,-0.9625152349472046
1176,0.5021096467971802
1177,-0.9380910396575928
1178,-0.9987271428108215
1179,0.9914574027061462
1180,0.0
1181,-0.9967543482780457
1182,0.9993594288825989
1183,0.9021285176277161
1184,-0.9923485517501831
1185,-0.9938769936561584
1186,0.0
1187,-0.9981036186218262
1188,-0.99871826171875
1189,0.9951308965682983
1190,-0.9674317836761475
1191,-0.9937288761138916
1192,-0.9926920533180237
1193,0.9408218264579773
1194,0.9958310723304749
1195,0.9976332187652588
1196,0.0
1197,-0.9993801116943359
1198,-0.9983329176902771
1199,-0.9880964756011963
1200,-0.9993175268173218
1201,-0.9946427345275879
1202,0.0
1203,-0.9992140531539917
1204,-0.9982511401176453
1205,0.549472451210022
1206,-0.9983879327774048
1207,-0.9980112314224243
1208,-0.9517775177955627
1209,0.0
1210,-0.8914543986320496
1211,-0.9860140085220337
1212,-0.9858267903327942
1213,0.9764384627342224
1214,0.9951637983322144
1215,0.0
1216,-0.9580970406532288
1217,-0.9636436104774475
1218,-0.8264437913894653
1219,0.7207518219947815
1220,0.9941258430480957
1221,0.9862818121910095
1222,-0.9717257618904114
1223,0.0
1224,-0.6371934413909912
1225,0.8695714473724365
1226,-0.9969101548194885
1227,0.0
1228,-0.9981817007064819
1229,-0.9994218349456787
1230,-0.9973607659339905
1231,0.9988319277763367
1232,0.0
1233,-0.9993734955787659
1234,-0.9853905439376831
1235,-0.9970818161964417
1236,-0.9979825019836426
1237,0.9382482171058655
1238,0.0
1239,-0.9986391663551331
1240,0.9864723682403564
1241,-0.9886831641197205
1242,-0.5324975252151489
1243,0.9748504757881165
1244,0.0
1245,-0.9976980090141296
1246,0.9939152598381042
1247,-0.9970178604125977
1248,0.9909577369689941
1249,0.9987599849700928
1250,0.9602242112159729
1251,0.9945164322853088
1252,0.9607135653495789
1253,0.999658465385437
1254,-0.8175111413002014
1255,0.9930444359779358
1256,0.9850542545318604
1257,0.845107913017273
1258,0.9980327486991882
1259,-0.6729969382286072
1260,-0.9965980648994446
1261,-0.9705673456192017
1262,-0.9795717597007751
1263,0.9991235136985779
1264,0.9977436065673828
1265,-0.9933843016624451
1266,0.5171710848808289
1267,0.994229793548584
1268,0.6346927881240845
1269,-0.994684636592865
1270,-0.9983031749725342
1271,-0.9635345339775085
1272,-0.765116274356842
1273,0.9725940227508545
1274,0.9992897510528564
1275,0.0
1276,-0.9957232475280762
1277,0.9995236396789551
1278,-0.9901943802833557
1279,-0.9317227005958557
1280,-0.9989515542984009
1281,-0.9989787340164185
1282,0.9987983703613281
1283,-0.9985160231590271
1284,0.9995680451393127
1285,0.9996894598007202
1286,0.6976565718650818
1287,-0.9840238094329834
1288,-0.9983134269714355
1289,-0.9774824976921082
1290,-0.9882426857948303
1291,-0.9856353998184204
1292,-0.9335776567459106
1293,0.998672604560852
1294,-0.997031569480896
1295,0.9708966016769409
1296,0.9026876091957092
1297,0.0
1298,-0.9654948115348816
1299,0.0
1300,-0.9639810919761658
1301,-0.9970651268959045
1302,0.0
1303,-0.9984868764877319
1304,-0.9711691737174988
1305,0.9898067116737366
1306,-0.8169312477111816
1307,0.9828033447265625
1308,-0.9965498447418213
1309,-0.9937385320663452
1310,-0.9979143738746643
1311,0.9887219667434692
1312,0.9952954649925232
1313,-0.9981266856193542
1314,-0.9985729455947876
1315,0.9868884682655334
1316,-0.9939184188842773
1317,0.9919736385345459
1318,-0.9985880255699158
1319,-0.9988508224487305
1320,-0.9914358258247375
1321,0.9938524961471558
1322,0.7232283353805542
1323,-0.9471027851104736
1324,-0.9471027851104736
1325,-0.9941835999488831
1326,-0.9982618689537048
1327,-0.9983479976654053
1328,-0.9942800998687744
1329,0.0
1330,-0.9941974878311157
1331,-0.996976375579834
1332,-0.9887418150901794
1333,-0.8158623576164246
1334,-0.9860314130783081
1335,-0.9990063309669495
1336,-0.9953161478042603
1337,-0.9928336143493652
1338,-0.9986454844474792
1339,-0.8657973408699036
1340,0.9902382493019104
1341,-0.972445011138916
1342,-0.9952951073646545
1343,-0.9409238696098328
1344,-0.9943355917930603
1345,-0.9912832975387573
1346,-0.9993007183074951
1347,-0.9928430318832397
1348,-0.9992183446884155
1349,-0.9931857585906982
1350,-0.9605538249015808
1351,-0.9995428323745728
1352,-0.9959985017776489
1353,-0.9980300068855286
1354,-0.9715694189071655
1355,-0.9716914892196655
1356,-0.9979403614997864
1357,-0.8812491297721863
1358,0.9906264543533325
1359,-0.9081217050552368
1360,-0.9749161005020142
1361,-0.6164888143539429
1362,-0.994964599609375
1363,0.9948663711547852
1364,0.9963213205337524
1365,-0.9982714653015137
1366,-0.9926160573959351
1367,-0.9818145632743835
1368,-0.8198241591453552
1369,0.9948294758796692
1370,0.8124473094940186
1371,-0.9986081719398499
1372,-0.9997292160987854
1373,0.9983735084533691
1374,0.8434831500053406
1375,-0.9947011470794678
1376,-0.9859353303909302
1377,-0.9567792415618896
1378,-0.9994518160820007
1379,-0.9909119606018066
1380,-0.9940686225891113
1381,0.0
1382,0.987300455570221
1383,-0.9631034731864929
1384,0.9888633489608765
1385,-0.7587441802024841
1386,-0.9995576739311218
1387,-0.9995967745780945
1388,0.5756549835205078
1389,-0.9983859062194824
1390,-0.9979994893074036
1391,-0.9934675097465515
1392,0.9782797694206238
1393,-0.9852361679077148
1394,-0.9838476777076721
1395,-0.5798138380050659
1396,-0.9992881417274475
1397,-0.9976546168327332
1398,-0.9840279221534729
1399,0.9596976637840271
1400,-0.9902921319007874
1401,-0.9814015030860901
1402,-0.9972068667411804
1403,-0.6824212670326233
1404,-0.9952076077461243
1405,0.0
1406,-0.998237133026123
1407,-0.9993705153465271
1408,-0.9986456036567688
1409,-0.9930106997489929
1410,-0.9934159517288208
1411,0.9896311163902283
1412,-0.9923149943351746
1413,-0.9950535893440247
1414,-0.974509596824646
1415,-0.9943968057632446
1416,-0.9809690713882446
1417,-0.9771745800971985
1418,0.8185127973556519
1419,0.5613808631896973
1420,-0.9928650856018066
1421,-0.9885095953941345
1422,-0.9987834095954895
1423,-0.9888555407524109
1424,0.9962822794914246
1425,-0.9995748400688171
1426,-0.9926196932792664
1427,-0.9891646504402161
1428,-0.9927349090576172
1429,-0.9926297664642334
1430,-0.996254563331604
1431,0.0
1432,-0.9586634635925293
1433,-0.99847012758255
1434,-0.9958667755126953
1435,-0.8964641690254211
1436,-0.9844428896903992
1437,-0.9979414343833923
1438,-0.9905529022216797
1439,-0.7181310653686523
1440,-0.9957738518714905
1441,-0.9984442591667175
1442,-0.9942269325256348
1443,-0.9766013622283936
1444,-0.731307327747345
1445,-0.9411688446998596
1446,0.9847612380981445
1447,-0.999293327331543
1448,-0.9085782766342163
1449,0.0
1450,-0.9977782368659973
1451,-0.9834432601928711
1452,-0.9979923963546753
1453,-0.9971581697463989
1454,-0.9992146492004395
1455,0.9944626688957214
1456,0.6071689128875732
1457,-0.9995730519294739
1458,0.9982611536979675
1459,0.5127894878387451
1460,-0.9987640380859375
1461,-0.996103048324585
1462,0.991381824016571
1463,-0.9976441264152527
1464,-0.9990009665489197
1465,-0.9997045397758484
1466,-0.9937642812728882
1467,0.8551093339920044
1468,0.996892511844635
1469,0.9989960789680481
1470,0.5687349438667297
1471,0.5213948488235474
1472,0.9961346387863159
1473,-0.5965015292167664
1474,-0.9967531561851501
1475,-0.9979389309883118
1476,0.9842635989189148
1477,0.9804443120956421
1478,-0.9839240908622742
1479,-0.9332073926925659
1480,0.9957932233810425
1481,0.0
1482,-0.9949652552604675
1483,-0.7675958871841431
1484,-0.9964323043823242
1485,-0.9935654997825623
1486,-0.9931268692016602
1487,-0.9924882650375366
1488,0.9437265396118164
1489,0.0
1490,-0.9847096800804138
1491,-0.9931558966636658
1492,-0.9994113445281982
1493,-0.9833775758743286
1494,0.7172722220420837
1495,0.9369359612464905
1496,-0.9956268072128296
1497,-0.9543413519859314
1498,0.9985584616661072
1499,0.9992006421089172
1500,-0.9938364624977112
1501,0.9956550598144531
1502,0.9949672818183899
1503,-0.9371569156646729
1504,-0.9714195728302002
1505,-0.9988144636154175
1506,-0.998051643371582
1507,0.9964221715927124
1508,-0.9974608421325684
1509,-0.9994882345199585
1510,0.0
1511,-0.9646742939949036
1512,-0.9969080090522766
1513,0.742263913154602
1514,-0.9989156723022461
1515,-0.9470453858375549
1516,0.9244153499603271
1517,0.9304572343826294
1518,-0.9957116842269897
1519,-0.986194372177124
1520,-0.9954689741134644
1521,-0.996268093585968
1522,-0.9970136880874634
1523,-0.9758173227310181
1524,-0.9127814769744873
1525,-0.9996168613433838
1526,0.9314884543418884
1527,-0.9801586270332336
1528,0.9151249527931213
1529,0.0
1530,-0.9882083535194397
1531,-0.9995896220207214
1532,-0.9902993440628052
1533,-0.9850980043411255
1534,-0.903594970703125
1535,-0.9956148862838745
1536,0.996724545955658
1537,-0.9086785912513733
1538,-0.9995744824409485
1539,-0.9986388087272644
1540,-0.9972635507583618
1541,-0.7673654556274414
1542,0.9966011047363281
1543,-0.9992395639419556
1544,-0.9990599751472473
1545,-0.9976844787597656
1546,-0.9774788618087769
1547,0.96440190076828
1548,0.0
1549,-0.9968775510787964
1550,-0.945160984992981
1551,-0.9973547458648682
1552,0.9888928532600403
1553,0.0
1554,-0.957342267036438
1555,0.7594560980796814
1556,-0.9986695051193237
1557,-0.9127970933914185
1558,-0.9677594900131226
1559,-0.9979946613311768
1560,-0.9965381622314453
1561,-0.9979056119918823
1562,-0.9961965084075928
1563,-0.8922913670539856
1564,-0.9844055771827698
1565,-0.9919146299362183
1566,0.8619627952575684
1567,0.9090660810470581
1568,-0.6282925009727478
1569,-0.9945200085639954
1570,-0.9761486053466797
1571,-0.9141033887863159
1572,0.9993299245834351
1573,0.9955906867980957
1574,-0.9996938705444336
1575,-0.9861156940460205
1576,-0.9891529083251953
1577,0.9439316391944885
1578,-0.9633817672729492
1579,0.6633323431015015
1580,-0.9979448914527893
1581,0.9474868774414062
1582,0.9746052622795105
1583,0.0
1584,-0.9420145750045776
1585,-0.9931795597076416
1586,-0.9252366423606873
1587,-0.9995844960212708
1588,-0.9769564270973206
1589,0.9920076131820679
1590,0.0
1591,-0.9970321655273438
1592,-0.9753791689872742
1593,-0.997259259223938
1594,0.805898904800415
1595,-0.998420000076294
1596,-0.9333260655403137
1597,-0.9986708164215088
1598,-0.9866569638252258
1599,0.6264365315437317
1600,-0.9779455661773682
1601,-0.9871655702590942
1602,-0.9993590712547302
1603,-0.9985528588294983
1604,-0.9900758862495422
1605,-0.9960599541664124
1606,0.9851405620574951
1607,-0.9810514450073242
1608,-0.9988151788711548
1609,0.9674249887466431
1610,-0.9890682101249695
1611,0.9393740296363831
1612,-0.9950566291809082
1613,-0.9929880499839783
1614,0.9966919422149658
1615,-0.9871972799301147
1616,0.8855043649673462
1617,0.0
1618,-0.6352575421333313
1619,-0.882301926612854
1620,-0.9874668717384338
1621,-0.98842453956604
1622,-0.8865498900413513
1623,-0.9950719475746155
1624,-0.9981196522712708
1625,0.9978774785995483
1626,-0.9886683821678162
1627,-0.996483325958252
1628,-0.9922847747802734
1629,-0.9963328838348389
1630,-0.993699312210083
1631,-0.9856199026107788
1632,0.9929601550102234
1633,0.0
1634,0.74080890417099
1635,-0.9906904697418213
1636,0.9889709949493408
1637,0.8756274580955505
1638,0.9854767918586731
1639,0.996756374835968
1640,0.9964399933815002
1641,-0.9923192858695984
1642,-0.8070276975631714
1643,-0.9922826886177063
1644,-0.9904730916023254
1645,0.9815000295639038
1646,-0.9910111427307129
1647,-0.9881943464279175
1648,-0.9895553588867188
1649,0.6317688822746277
1650,-0.990060567855835
1651,-0.9987976551055908
1652,-0.9966963529586792
1653,0.9997461438179016
1654,-0.9879211187362671
1655,-0.9993925094604492
1656,-0.8587461709976196
1657,-0.9969727993011475
1658,-0.999083399772644
1659,-0.9896949529647827
1660,-0.9952496290206909
1661,0.9948980212211609
1662,0.7427194118499756
1663,-0.98773193359375
1664,-0.9725074172019958
1665,0.7534337639808655
1666,0.8673377633094788
1667,-0.9991225600242615
1668,0.923161506652832
1669,-0.993443489074707
1670,0.5828081965446472
1671,0.979377806186676
1672,0.9701135754585266
1673,-0.9957413673400879
1674,-0.9979947805404663
1675,0.0
1676,-0.9803916215896606
1677,-0.9985536932945251
1678,-0.9859620928764343
1679,-0.9989618062973022
1680,-0.9620455503463745
1681,-0.970952570438385
1682,-0.6770279407501221
1683,-0.9189469218254089
1684,-0.5919448733329773
1685,0.9957320094108582
1686,-0.9720146656036377
1687,-0.9918808341026306
1688,-0.9964306950569153
1689,-0.9949216246604919
1690,0.8800394535064697
1691,-0.9884144067764282
1692,-0.9651163816452026
1693,0.5719976425170898
1694,0.9914178848266602
1695,0.9935676455497742
1696,-0.9912877678871155
1697,-0.9928160905838013
1698,0.0
1699,-0.6693828105926514
1700,-0.9947124719619751
1701,-0.9942247271537781
1702,-0.9924203753471375
1703,0.8599042892456055
1704,-0.9880933165550232
1705,-0.9978294968605042
1706,-0.9603360295295715
1707,0.6006408929824829
1708,0.981776773929596
1709,0.965989351272583
1710,0.9934642910957336
1711,0.9956001043319702
1712,-0.9950160384178162
1713,-0.9970082640647888
1714,0.885188639163971
1715,-0.9497562646865845
1716,0.9902818202972412
1717,0.9017037749290466
1718,0.0
1719,0.8726295828819275
1720,-0.9973016977310181
1721,0.998544454574585
1722,0.9975526928901672
1723,0.9981487989425659
1724,-0.999099612236023
1725,0.9975637197494507
1726,0.9792536497116089
1727,-0.9911605715751648
1728,-0.8425957560539246
1729,0.9288632869720459
1730,0.6739722490310669
1731,0.0
1732,-0.9967018961906433
1733,-0.99496990442276
1734,-0.9995427131652832
1735,-0.9880834221839905
1736,-0.6945279240608215
1737,0.9755090475082397
1738,-0.9974541068077087
1739,0.9685380458831787
1740,-0.9121148586273193
1741,0.8934664130210876
1742,-0.9790281653404236
1743,-0.9818492531776428
1744,0.9986228942871094
1745,0.9955992698669434
1746,0.9802377223968506
1747,-0.9399768114089966
1748,-0.7749351859092712
1749,0.875285267829895
1750,-0.9986741542816162
1751,-0.9976886510848999
1752,-0.5904242992401123
1753,-0.9944410920143127
1754,-0.9893653392791748
1755,0.9928945899009705
1756,-0.9854204058647156
1757,0.9968475699424744
1758,0.998023509979248
1759,0.9948520064353943
1760,0.7848840355873108
1761,0.0
1762,0.9608607292175293
1763,-0.987756609916687
1764,-0.9443857073783875
1765,0.9427644610404968
1766,0.0
1767,0.9989247918128967
1768,0.997897744178772
1769,0.9887996912002563
1770,-0.9533393383026123
1771,0.9986372590065002
1772,0.998584508895874
1773,-0.9984778761863708
1774,-0.9984778761863708
1775,-0.9991987347602844
1776,0.9961749315261841
1777,-0.8254624009132385
1778,0.9869486093521118
1779,0.0
1780,0.9990981817245483
1781,-0.9955679774284363
1782,0.0
1783,-0.7413690686225891
1784,0.9459363222122192
1785,-0.9988425374031067
1786,-0.9952077269554138
1787,-0.9669190645217896
1788,-0.9989778995513916
1789,-0.9830524921417236
1790,0.961647629737854
1791,-0.9790835976600647
1792,0.6588348150253296
1793,-0.9992732405662537
1794,0.9939079284667969
1795,0.9686872959136963
1796,-0.987595796585083
1797,-0.988303542137146
1798,-0.8873575329780579
1799,-0.9879091382026672
1800,0.0
1801,-0.9951604008674622
1802,0.9653677940368652
1803,0.0
1804,0.9806234240531921
1805,-0.9975544810295105
1806,-0.973520040512085
1807,-0.9780327081680298
1808,-0.9872590899467468
1809,-0.9036267995834351
1810,-0.9818774461746216
1811,-0.9975966811180115
1812,-0.9990328550338745
1813,0.9989954829216003
1814,0.9998295307159424
1815,0.9995367527008057
1816,0.9985716342926025
1817,-0.9597355723381042
1818,-0.9990329742431641
1819,-0.9921213388442993
1820,-0.9972917437553406
1821,-0.949312686920166
1822,0.0
1823,0.9980474710464478
1824,0.9915383458137512
1825,-0.9813506603240967
1826,-0.9922852516174316
1827,0.9981999397277832
1828,-0.8725561499595642
1829,-0.9952778816223145
1830,-0.98867267370224
1831,0.0
1832,-0.9874343276023865
1833,-0.9815566539764404
1834,-0.9975069165229797
1835,-0.9990736246109009
1836,-0.9909746050834656
1837,0.0
1838,-0.9955433011054993
1839,-0.9994595646858215
1840,-0.9868085384368896
1841,-0.9786131381988525
1842,0.9994361996650696
1843,0.0
1844,0.92617267370224
1845,0.8537113666534424
1846,0.9681103229522705
1847,-0.9805893898010254
1848,-0.9955476522445679
1849,-0.9993377327919006
1850,-0.9294646382331848
1851,0.9889640808105469
1852,0.9921154379844666
1853,0.9916213750839233
1854,-0.9981947541236877
1855,0.6283466219902039
1856,-0.994223415851593
1857,-0.9612901210784912
1858,-0.9937155842781067
1859,0.9896444082260132
1860,-0.9962623715400696
1861,-0.9658881425857544
1862,-0.9948258996009827
1863,0.8048547506332397
1864,-0.997683048248291
1865,-0.9366594552993774
1866,-0.998444139957428
1867,0.9952384233474731
1868,0.9966625571250916
1869,-0.9522281289100647
1870,-0.8998012542724609
1871,0.7773861289024353
1872,0.9728989601135254
1873,0.83902508020401
1874,-0.9989092350006104
1875,-0.9988067150115967
1876,0.9860644340515137
1877,0.6454071402549744
1878,0.9653440117835999
1879,0.9836645722389221
1880,-0.5203182101249695
1881,-0.9761902689933777
1882,0.7007224559783936
1883,-0.9840817451477051
1884,0.9661493301391602
1885,-0.8764802813529968
1886,-0.7876904010772705
1887,-0.9205446839332581
1888,-0.985318660736084
1889,0.9504702687263489
1890,-0.9829837083816528
1891,0.0
1892,-0.9409145712852478
1893,-0.9881371855735779
1894,-0.9936324954032898
1895,0.0
1896,0.7406076192855835
1897,0.9506049752235413
1898,-0.996826171875
1899,-0.5657039880752563
1900,-0.9990429282188416
1901,-0.9195823073387146
1902,-0.9864140152931213
1903,-0.9655172824859619
1904,-0.9814444780349731
1905,0.9802078604698181
1906,-0.9979718327522278
1907,-0.9965141415596008
1908,-0.9980635046958923
1909,-0.9981234669685364
1910,0.9939191341400146
1911,0.9664101004600525
1912,-0.9936424493789673
1913,-0.9933736324310303
1914,0.9734093546867371
1915,0.9937825798988342
1916,0.9969973564147949
1917,-0.9953638315200806
1918,-0.9994358420372009
1919,-0.9046747088432312
1920,0.8064601421356201
1921,0.9919101595878601
1922,-0.9877510070800781
1923,-0.9137039184570312
1924,-0.9863069653511047
1925,0.5113298296928406
1926,0.0
1927,-0.9947434663772583
1928,-0.9996484518051147
1929,0.9321028590202332
1930,0.0
1931,-0.9683448672294617
1932,-0.9642296433448792
1933,-0.9966705441474915
1934,0.9981085062026978
1935,-0.9965755343437195
1936,-0.998755693435669
1937,0.9893462061882019
1938,-0.5910290479660034
1939,-0.982632040977478
1940,0.9976498484611511
1941,0.9985607266426086
1942,-0.8989631533622742
1943,-0.993454098701477
1944,-0.9881184697151184
1945,0.9989789724349976
1946,0.9569659233093262
1947,-0.9543035626411438
1948,0.0
1949,-0.9949266910552979
1950,-0.9549572467803955
1951,-0.9955735206604004
1952,-0.9944998025894165
1953,0.9641908407211304
1954,0.9844629764556885
1955,-0.8213962912559509
1956,-0.9941930174827576
1957,-0.9942875504493713
1958,0.9963853359222412
1959,-0.9980587363243103
1960,0.9917608499526978
1961,0.9813832640647888
1962,0.0
1963,-0.9944437146186829
1964,-0.9987125396728516
1965,0.0
1966,-0.9997201561927795
1967,-0.9949616193771362
1968,-0.9169687628746033
1969,-0.9858149290084839
1970,0.9887779355049133
1971,-0.9973341226577759
1972,-0.9498278498649597
1973,0.0
1974,-0.9977610111236572
1975,-0.8808806538581848
1976,-0.9964643716812134
1977,-0.959064245223999
1978,-0.6699085831642151
1979,0.9952319264411926
1980,0.5123136043548584
1981,-0.9888262748718262
1982,0.9954336285591125
1983,0.9957298636436462
1984,-0.6688850522041321
1985,0.7661474943161011
1986,0.9985072016716003
1987,-0.9781947731971741
1988,-0.9995908141136169
1989,0.6883273124694824
1990,0.0
1991,0.9943866729736328
1992,-0.9967749714851379
1993,-0.9907825589179993
1994,-0.9965333938598633
1995,-0.9936654567718506
1996,0.7881494760513306
1997,-0.5262569785118103
1998,0.7772760987281799
1999,0.9918603301048279
2000,0.9899877905845642
2001,0.9973883032798767
2002,0.9967136383056641
2003,0.9709874391555786
2004,-0.9770780801773071
2005,0.9976129531860352
2006,0.9898500442504883
2007,-0.9956728219985962
2008,-0.9986996650695801
2009,-0.9990455508232117
2010,0.9961087107658386
2011,0.0
2012,-0.9439162015914917
2013,0.9969040751457214
2014,0.9988908171653748
2015,-0.9984930753707886
2016,-0.9971876740455627
2017,-0.9992156028747559
2018,0.9474135637283325
2019,0.9882533550262451
2020,0.9964781403541565
2021,0.9695181250572205
2022,0.992567777633667
2023,0.8331447839736938
2024,-0.9972957968711853
2025,0.9938849806785583
2026,-0.9937108755111694
2027,0.982337236404419
2028,-0.6474560499191284
2029,0.9993759989738464
2030,0.9983519315719604
2031,-0.9937991499900818
2032,0.9970017075538635
2033,0.0
2034,-0.995925784111023
2035,0.9182642102241516
2036,-0.9903627038002014
2037,0.6884217858314514
2038,-0.9547159671783447
2039,-0.924251139163971
2040,0.8623003363609314
2041,-0.7195014357566833
2042,-0.9990279674530029
2043,-0.9810377955436707
2044,-0.9977877140045166
2045,0.9315317273139954
2046,-0.9956637024879456
2047,-0.7602537274360657
2048,0.9792810678482056
2049,-0.9668745994567871
2050,-0.9721121191978455
2051,0.997718095779419
2052,0.8500463962554932
2053,-0.9961637258529663
2054,-0.9907767176628113
2055,-0.9877612590789795
2056,0.9967530369758606
2057,0.9967530369758606
2058,-0.9893414378166199
2059,-0.9933045506477356
2060,0.9943834543228149
2061,0.95500248670578
2062,-0.9994685053825378
2063,0.9833528995513916
2064,-0.9680414795875549
2065,-0.9647953510284424
2066,-0.9892261624336243
2067,0.5897707343101501
2068,-0.9928243160247803
2069,-0.9938175082206726
2070,0.0
2071,-0.9956974983215332
2072,-0.9911513924598694
2073,-0.9957723021507263
2074,-0.5840431451797485
2075,0.9931448698043823
2076,0.9931448698043823
2077,-0.9968186616897583
2078,0.9978830218315125
2079,0.9881886839866638
2080,-0.9992761015892029
2081,-0.9965705871582031
2082,-0.9783447980880737
2083,-0.9928492307662964
2084,-0.9962448477745056
2085,-0.9941576719284058
2086,0.9827227592468262
2087,-0.996940016746521
2088,-0.9431378841400146
2089,0.9987348914146423
2090,0.8606660962104797
2091,0.9797480702400208
2092,0.9984639883041382
2093,0.9994508624076843
2094,0.0
2095,0.9447909593582153
2096,-0.9955655932426453
2097,-0.9584542512893677
2098,0.0
2099,-0.5662013292312622
2100,0.9982696771621704
2101,-0.9830122590065002
2102,-0.9828998446464539
2103,0.9983134269714355
2104,0.9729476571083069
2105,-0.9914972186088562
2106,-0.9918471574783325
2107,0.9894634485244751
2108,-0.994351863861084
2109,-0.9975402355194092
2110,-0.9975402355194092
2111,-0.9961889386177063
2112,0.9825865626335144
2113,0.9953906536102295
2114,-0.9895024299621582
2115,-0.9826250076293945
2116,0.9676188230514526
2117,0.9555661082267761
2118,0.93563312292099
2119,0.0
2120,-0.9945827126502991
2121,-0.9936529397964478
2122,-0.9985950589179993
2123,0.9946051239967346
2124,0.998354434967041
2125,-0.9965316653251648
2126,-0.9950260519981384
2127,0.9614022970199585
2128,0.6963179707527161
2129,-0.9703655242919922
2130,-0.9949151277542114
2131,-0.9964824914932251
2132,0.9948156476020813
2133,-0.9826334118843079
2134,-0.9810599684715271
2135,-0.8901186585426331
2136,0.9947167038917542
2137,-0.9850104451179504
2138,-0.9667783379554749
2139,-0.9973312616348267
2140,-0.9945900440216064
2141,0.993634819984436
2142,0.9672538042068481
2143,-0.9963668584823608
2144,-0.9853434562683105
2145,-0.8407094478607178
2146,0.9940556287765503
2147,0.0
2148,-0.7551332116127014
2149,-0.9916133880615234
2150,0.8832192420959473
2151,-0.9916813969612122
2152,-0.9165502786636353
2153,-0.999605119228363
2154,-0.617213785648346
2155,0.7744505405426025
2156,0.9792243838310242
2157,0.9637332558631897
2158,-0.8848028779029846
2159,-0.5440322160720825
2160,-0.7432342767715454
2161,-0.8026238679885864
2162,-0.9830682873725891
2163,-0.9893293976783752
2164,-0.9994077682495117
2165,-0.9792664647102356
2166,0.9988269209861755
2167,-0.9945015907287598
2168,-0.9845064282417297
2169,-0.9959309697151184
2170,-0.9960541725158691
2171,-0.9996188879013062
2172,-0.9984765648841858
2173,0.924363374710083
2174,0.9926048517227173
2175,-0.7312416434288025
2176,-0.9950137734413147
2177,0.999602735042572
2178,-0.9971501231193542
2179,0.0
2180,0.5265138149261475
2181,-0.992863118648529
2182,-0.9751741290092468
2183,-0.8845239877700806
2184,-0.9929795861244202
2185,-0.9915595650672913
2186,-0.9956953525543213
2187,-0.99822598695755
2188,-0.9978919625282288
2189,-0.9643714427947998
2190,0.9972424507141113
2191,0.9493858218193054
2192,0.5019116401672363
2193,0.8479740023612976
2194,0.9548770189285278
2195,-0.8837611675262451
2196,-0.9128280878067017
2197,0.733501136302948
2198,-0.9824204444885254
2199,-0.6540071368217468
2200,-0.577638566493988
2201,-0.9754754304885864
2202,-0.9974731802940369
2203,-0.5079110860824585
2204,-0.9908221960067749
2205,0.9993994235992432
2206,-0.9122294187545776
2207,-0.7953205108642578
2208,-0.995458722114563
2209,-0.9952050447463989
2210,-0.9929652214050293
2211,-0.9992457628250122
2212,-0.9963294863700867
2213,-0.9993199110031128
2214,0.5175028443336487
2215,-0.8809449672698975
2216,0.0
2217,0.9863415360450745
2218,-0.9838224053382874
2219,-0.6803314685821533
2220,0.9979503750801086
2221,0.0
2222,-0.9981339573860168
2223,-0.8187825083732605
2224,0.9988738894462585
2225,-0.9938674569129944
2226,-0.9929874539375305
2227,-0.7987045049667358
2228,-0.9869449734687805
2229,-0.9960351586341858
2230,-0.9950771927833557
2231,-0.9967363476753235
2232,-0.9895490407943726
2233,0.9986671209335327
2234,0.0
2235,0.8763890266418457
2236,-0.9906731247901917
2237,-0.919101893901825
2238,-0.9981971383094788
2239,-0.99907386302948
2240,-0.9861204028129578
2241,-0.9989308714866638
2242,0.9775936603546143
2243,0.9991893172264099
2244,0.6715485453605652
2245,0.9955066442489624
2246,-0.9393885135650635
2247,0.9158257842063904
2248,-0.8380807042121887
2249,-0.9987999200820923
2250,-0.9963692426681519
2251,0.9971427321434021
2252,0.950477659702301
2253,-0.9947015643119812
2254,-0.9573382139205933
2255,-0.9623875617980957
2256,-0.5815178751945496
2257,-0.9939014911651611
2258,-0.9950610995292664
2259,-0.990832507610321
2260,-0.9799454212188721
2261,-0.9969758987426758
2262,-0.9946948885917664
2263,-0.9758394956588745
2264,0.9600731134414673
2265,-0.9798781871795654
2266,-0.9989711046218872
2267,0.8485260009765625
2268,0.98691725730896
2269,-0.605095624923706
2270,0.9968067407608032
2271,-0.991174042224884
2272,0.8393746018409729
2273,-0.9727360010147095
2274,0.9519834518432617
2275,0.9976153373718262
2276,0.8662124276161194
2277,-0.9857397675514221
2278,0.98626708984375
2279,-0.6614028215408325
2280,-0.9854915738105774
2281,-0.9989880919456482
2282,0.9979612827301025
2283,0.9910364151000977
2284,-0.9994897842407227
2285,0.0
2286,-0.9973829388618469
2287,-0.9959757924079895
2288,-0.9980915188789368
2289,-0.9840482473373413
2290,-0.9860213398933411
2291,-0.9904676079750061
2292,0.5045489072799683
2293,-0.9873364567756653
2294,0.6498923897743225
2295,0.9423246383666992
2296,-0.9869531393051147
2297,0.9791112542152405
2298,-0.9971572160720825
2299,-0.9635602235794067
2300,-0.996698796749115
2301,-0.9993855953216553
2302,0.9404013752937317
2303,0.9957225322723389
2304,-0.9770408272743225
2305,0.7248238921165466
2306,0.0
2307,-0.5479615926742554
2308,-0.9861800074577332
2309,0.8975858092308044
2310,0.0
2311,-0.9118375182151794
2312,-0.990780770778656
2313,0.9986186027526855
2314,-0.9958003163337708
2315,0.5617770552635193
2316,0.7734901309013367
2317,0.9693722128868103
2318,-0.9926651120185852
2319,-0.9941956400871277
2320,0.9680118560791016
2321,0.9586466550827026
2322,-0.9899659156799316
2323,0.9893837571144104
2324,-0.5815053582191467
2325,-0.8317722678184509
2326,-0.9848034381866455
2327,-0.9548675417900085
2328,-0.9218799471855164
2329,-0.9986642599105835
2330,-0.9988610744476318
2331,0.999545156955719
2332,0.0
2333,-0.9934763312339783
2334,-0.9821895360946655
2335,-0.995934247970581
2336,-0.9846712350845337
2337,-0.9603360295295715
2338,-0.9975920915603638
2339,-0.9753457903862
2340,-0.9712749123573303
2341,-0.9990367889404297
2342,-0.98816978931427
2343,0.9697436094284058
2344,-0.998206377029419
2345,-0.9991441965103149
2346,-0.9087653160095215
2347,-0.8557543158531189
2348,0.9866780042648315
2349,0.0
2350,-0.9978594183921814
2351,0.9873349666595459
2352,-0.9946225881576538
2353,-0.9601390361785889
2354,0.9927312731742859
2355,0.999107301235199
2356,-0.9292435050010681
2357,-0.9989163875579834
2358,-0.9982008934020996
2359,0.5280781388282776
2360,-0.5856974124908447
2361,-0.987561047077179
2362,-0.9698599576950073
2363,-0.9985404014587402
2364,-0.9993784427642822
2365,-0.9988142251968384
2366,0.8220862150192261
2367,-0.9989826083183289
2368,-0.9985950589179993
2369,-0.996454119682312
2370,-0.9967899918556213
2371,-0.9985174536705017
2372,-0.9942452311515808
2373,0.9741685390472412
2374,0.9729782938957214
2375,0.988716185092926
2376,0.7708195447921753
2377,0.9746937155723572
2378,-0.9339389801025391
2379,-0.9912860989570618
2380,-0.9964340925216675
2381,0.9379763603210449
2382,0.9900798797607422
2383,-0.9907299876213074
2384,0.8086497783660889
2385,-0.9990654587745667
2386,-0.9993423819541931
2387,-0.9958195686340332
2388,0.9504050016403198
2389,-0.6826435923576355
2390,-0.9894578456878662
2391,-0.9969401359558105
2392,-0.9912720322608948
2393,0.0
2394,-0.9973771572113037
2395,-0.9793457984924316
2396,-0.9934590458869934
2397,0.9913457632064819
2398,0.7314789295196533
2399,-0.6509162783622742
2400,-0.9896975159645081
2401,-0.9932004809379578
2402,0.9968783855438232
2403,-0.6425524353981018
2404,-0.994074285030365
2405,-0.9825708270072937
2406,0.990797758102417
2407,0.969337522983551
2408,0.969337522983551
2409,0.9980339407920837
2410,-0.9900519251823425
2411,0.0
2412,-0.9329209923744202
2413,0.7365706562995911
2414,-0.9888578653335571
2415,-0.9709630608558655
2416,-0.9892961382865906
2417,-0.9912253022193909
2418,-0.9154722690582275
2419,-0.9618372917175293
2420,-0.893271267414093
2421,0.998985230922699
2422,0.9942923784255981
2423,-0.996154248714447
2424,-0.9698810577392578
2425,0.9973959922790527
2426,-0.8643146753311157
2427,-0.9590263366699219
2428,0.8955705761909485
2429,-0.9596310257911682
2430,-0.9944678544998169
2431,0.9995330572128296
2432,0.8002877831459045
2433,0.0
2434,-0.9951489567756653
2435,0.0
2436,-0.9931043982505798
2437,-0.9951699376106262
2438,0.9962537288665771
2439,-0.9777116775512695
2440,0.9349168539047241
2441,0.0
2442,0.9900681972503662
2443,-0.9909626841545105
2444,-0.757915735244751
2445,-0.950690507888794
2446,0.8601168394088745
2447,0.9211412668228149
2448,-0.6460379958152771
2449,-0.930938720703125
2450,0.8736823797225952
2451,0.0
2452,0.0
2453,0.0
2454,0.0
2455,-0.9825907349586487
2456,-0.9926838278770447
2457,0.0
2458,-0.9994235038757324
2459,-0.9904020428657532
2460,-0.9983469247817993
2461,0.9834101796150208
2462,-0.9937912821769714
2463,-0.9912816286087036
2464,-0.9951241612434387
2465,-0.9987484216690063
2466,0.0
2467,-0.9991523027420044
2468,-0.9875540733337402
2469,-0.950420081615448
2470,0.0
2471,-0.9938498139381409
2472,0.0
2473,0.0
2474,0.0
2475,-0.9958284497261047
2476,0.9973662495613098
2477,-0.9220930933952332
2478,-0.9771246314048767
2479,-0.9698029160499573
2480,-0.9957813024520874
2481,0.8895655870437622
2482,-0.9990779161453247
2483,-0.9907536506652832
2484,-0.9717401266098022
2485,-0.8087276220321655
2486,0.0
2487,-0.9632927775382996
2488,0.9960561990737915
2489,0.0
2490,0.9977900981903076
2491,-0.893395721912384
2492,-0.9915407299995422
2493,-0.9171802997589111
2494,0.0
2495,0.0
2496,-0.9289838671684265
2497,-0.9946776628494263
2498,0.586217999458313
2499,-0.9891738891601562
2500,0.0
2501,0.9768145680427551
2502,0.8301045298576355
2503,0.9958114624023438
2504,0.9859970808029175
2505,-0.9900081157684326
2506,-0.5373891592025757
2507,-0.9930892586708069
2508,-0.9851673245429993
2509,-0.9938994646072388
2510,-0.9770510792732239
2511,-0.9977648258209229
2512,0.0
2513,-0.9990103244781494
2514,0.0
2515,0.0
2516,0.0
